country.name,wave,survey,n,p_response,trust,years
Botswana,1,Afrobarometer,1200,0.9441666666666667,0.1473962930273609,1999-2001
Lesotho,1,Afrobarometer,1177,0.9847068819031436,0.039689387402933596,1999-2001
Malawi,1,Afrobarometer,1208,0.9776490066225165,0.44792548687552913,1999-2001
Mali,1,Afrobarometer,2089,0.9918621349928195,0.1277781182854143,1999-2001
Namibia,1,Afrobarometer,1183,0.8977176669484361,0.3512241054613936,1999-2001
Nigeria,1,Afrobarometer,3603,0.9877879544823758,0.15425681371171684,1999-2001
South Africa,1,Afrobarometer,2200,0.9586363636363636,0.20609236298791056,1999-2001
Tanzania,1,Afrobarometer,2198,0.9877161055505005,0.09852793692146311,1999-2001
Uganda,1,Afrobarometer,2271,0.9757815940114487,0.15884941572597566,1999-2001
Zambia,1,Afrobarometer,1198,0.9532554257095158,0.1996497373029773,1999-2001
Zimbabwe,1,Afrobarometer,1200,0.9483333333333334,0.13268892794376108,1999-2001
Benin,3,Afrobarometer,1198,0.9707846410684474,0.2742906276870163,2005
Botswana,3,Afrobarometer,1200,0.995,0.0594639865996649,2005
Cape Verde,3,Afrobarometer,1256,0.9785031847133758,0.0335405998536944,2005
Ghana,3,Afrobarometer,1197,0.9866332497911445,0.15664690939881454,2005
Kenya,3,Afrobarometer,1278,0.9937402190923318,0.09818083213864659,2005
Lesotho,3,Afrobarometer,1161,1,0.1655084384249279,2005
Madagascar,3,Afrobarometer,1350,0.9925925925925926,0.3278897529808482,2005
Malawi,3,Afrobarometer,1200,0.9875,0.06919831223628692,2005
Mali,3,Afrobarometer,1244,0.9959807073954984,0.22821808641954178,2005
Mozambique,3,Afrobarometer,1198,0.8856427378964942,0.2516493873704053,2005
Namibia,3,Afrobarometer,1200,0.9675,0.28165374677002575,2005
Nigeria,3,Afrobarometer,2363,0.9526026237833263,0.12637856956122095,2005
Senegal,3,Afrobarometer,1200,0.9866666666666667,0.2677364864864864,2005
South Africa,3,Afrobarometer,2400,0.9691666666666666,0.1553446909320455,2005
Tanzania,3,Afrobarometer,1304,0.9785276073619632,0.12599808058124484,2005
Uganda,3,Afrobarometer,2400,0.9966666666666667,0.1728195825234642,2005
Zambia,3,Afrobarometer,1200,0.9975,0.09941520467836251,2005
Algeria,5,Afrobarometer,1204,0.9817275747508306,0.21995156492683043,2011-2013
Benin,5,Afrobarometer,1200,0.9991666666666666,0.31990776137934596,2011-2013
Botswana,5,Afrobarometer,1200,0.9916666666666667,0.10969423606703743,2011-2013
Burkina Faso,5,Afrobarometer,1200,0.9841666666666666,0.3212969103371852,2011-2013
Burundi,5,Afrobarometer,1200,0.9941666666666666,0.5556874663346154,2011-2013
Cameroon,5,Afrobarometer,1200,0.985,0.17041849722467117,2011-2013
Cape Verde,5,Afrobarometer,1208,0.9784768211920529,0.07432617038049782,2011-2013
Côte d’Ivoire,5,Afrobarometer,1200,0.9941666666666666,0.10883027359515585,2011-2013
Egypt,5,Afrobarometer,1190,0.9882352941176471,0.194881818964729,2011-2013
Eswatini,5,Afrobarometer,1200,0.9991666666666666,0.08511178097337835,2011-2013
Ghana,5,Afrobarometer,2400,0.9895833333333334,0.1106948271325201,2011-2013
Guinea,5,Afrobarometer,1200,0.99,0.25322332936427805,2011-2013
Kenya,5,Afrobarometer,2399,0.9754064193413923,0.09181656587199538,2011-2013
Lesotho,5,Afrobarometer,1197,0.9949874686716792,0.05260147481027211,2011-2013
Liberia,5,Afrobarometer,1199,0.890742285237698,0.1738674036986949,2011-2013
Madagascar,5,Afrobarometer,1200,0.9825,0.2735658649846817,2011-2013
Malawi,5,Afrobarometer,2407,0.9954299958454508,0.20092805165390248,2011-2013
Mali,5,Afrobarometer,1200,0.9975,0.23805842363713925,2011-2013
Mauritius,5,Afrobarometer,1200,0.9958333333333333,0.1331494023871289,2011-2013
Morocco,5,Afrobarometer,1196,0.9765886287625418,0.16042780715618,2011-2013
Mozambique,5,Afrobarometer,2400,0.9708333333333333,0.13225428488553814,2011-2013
Namibia,5,Afrobarometer,1200,0.9433333333333334,0.24610560691935546,2011-2013
Niger,5,Afrobarometer,1199,0.9666388657214345,0.4642027796223622,2011-2013
Nigeria,5,Afrobarometer,2400,0.9533333333333334,0.16279005687950243,2011-2013
Senegal,5,Afrobarometer,1200,0.9983333333333333,0.3018422601327819,2011-2013
Sierra Leone,5,Afrobarometer,1190,0.9781512605042016,0.2267842704160199,2011-2013
South Africa,5,Afrobarometer,2399,0.9729053772405168,0.1718404441642114,2011-2013
Sudan,5,Afrobarometer,1199,0.9532944120100083,0.23875452313904866,2011-2013
Tanzania,5,Afrobarometer,2400,0.9966666666666667,0.11474455127041239,2011-2013
Togo,5,Afrobarometer,1200,0.9658333333333333,0.17820945670635346,2011-2013
Tunisia,5,Afrobarometer,1200,0.9933333333333333,0.17743832278959193,2011-2013
Uganda,5,Afrobarometer,2400,0.99125,0.155275644763756,2011-2013
Zambia,5,Afrobarometer,1200,0.9825,0.09871874207786924,2011-2013
Zimbabwe,5,Afrobarometer,2400,0.9966666666666667,0.1720222335082764,2011-2013
Algeria,1,Arabbarometer,1300,0.9023076923076923,0.19693094629156005,2006-2009
Bahrain,1,Arabbarometer,435,0.9448275862068966,0.4038929440389294,2006-2009
Jordan,1,Arabbarometer,1143,0.9781277340332458,0.34347048300536676,2006-2009
Lebanon,1,Arabbarometer,1195,0.9807531380753138,0.16296928327645044,2006-2009
Morocco,1,Arabbarometer,1277,0.9812059514487079,0.19952114924181963,2006-2009
Palestinian Territories,1,Arabbarometer,1270,0.9937007874015747,0.3954041204437402,2006-2009
Yemen,1,Arabbarometer,717,0.8828451882845189,0.39020537124802535,2006-2009
Algeria,2,Arabbarometer,1216,0.9259868421052632,0.08736979159136116,2010-2011
Egypt,2,Arabbarometer,1219,0.9958982772764561,0.5551739061133307,2010-2011
Iraq,2,Arabbarometer,1234,0.9764991896272285,0.2611507436736493,2010-2011
Jordan,2,Arabbarometer,1188,0.9814814814814815,0.24190841587664869,2010-2011
Lebanon,2,Arabbarometer,1387,0.969718817591925,0.17858948370368255,2010-2011
Palestinian Territories,2,Arabbarometer,1200,0.9875,0.2297737008643712,2010-2011
Saudi Arabia,2,Arabbarometer,1404,0.9195156695156695,0.24289354349483228,2010-2011
Sudan,2,Arabbarometer,1538,0.9583875162548765,0.2358293864874872,2010-2011
Tunisia,2,Arabbarometer,1196,0.9732441471571907,0.3639971290884467,2010-2011
Yemen,2,Arabbarometer,1200,0.9466666666666667,0.38662923450890574,2010-2011
Algeria,3,Arabbarometer,1220,0.9581967213114754,0.23595344168187848,2012-2014
Egypt,3,Arabbarometer,1196,0.9774247491638796,0.19037250608616896,2012-2014
Iraq,3,Arabbarometer,1215,0.9308641975308642,0.428228067458601,2012-2014
Jordan,3,Arabbarometer,1795,0.9788300835654596,0.22967655120881836,2012-2014
Kuwait,3,Arabbarometer,1021,0.9872673849167483,0.5422940262209341,2012-2014
Lebanon,3,Arabbarometer,1200,0.9775,0.13228437876322396,2012-2014
Libya,3,Arabbarometer,1247,0.9895749799518845,0.29011345218800644,2012-2014
Morocco,3,Arabbarometer,1116,0.9551971326164874,0.1437190586476449,2012-2014
Palestinian Territories,3,Arabbarometer,1200,0.9783333333333334,0.2872954784798303,2012-2014
Sudan,3,Arabbarometer,1200,0.9366666666666666,0.33849847230421704,2012-2014
Tunisia,3,Arabbarometer,1199,0.9749791492910759,0.2165113316459193,2012-2014
Yemen,3,Arabbarometer,1200,0.9375,0.3962086650682761,2012-2014
Algeria,4,Arabbarometer,1200,0.985,0.20860137864162231,2016-2017
Egypt,4,Arabbarometer,1200,1,0.2853738338272691,2016-2017
Jordan,4,Arabbarometer,1500,0.9993333333333333,0.17751067152781053,2016-2017
Lebanon,4,Arabbarometer,1500,0.98,0.11511272667480044,2016-2017
Morocco,4,Arabbarometer,1200,0.9958333333333333,0.12357200293681392,2016-2017
Palestinian Territories,4,Arabbarometer,1200,0.9908333333333333,0.18795875890237856,2016-2017
Algeria,5,Arabbarometer,2332,0.9678387650085764,0.11695420875303153,2018-2019
Egypt,5,Arabbarometer,2400,0.98625,0.33669060918530613,2018-2019
Iraq,5,Arabbarometer,2461,0.9939049167005283,0.08596327061777909,2018-2019
Jordan,5,Arabbarometer,2400,1,0.09704767243245782,2018-2019
Kuwait,5,Arabbarometer,1374,0.9941775836972343,0.17234767607492651,2018-2019
Lebanon,5,Arabbarometer,2400,0.9858333333333333,0.03818766729628709,2018-2019
Libya,5,Arabbarometer,1962,0.9959225280326198,0.06874137355813503,2018-2019
Morocco,5,Arabbarometer,2400,0.9629166666666666,0.22694262869325588,2018-2019
Palestinian Territories,5,Arabbarometer,2493,0.9891696750902527,0.1397481357964503,2018-2019
Sudan,5,Arabbarometer,1758,0.9806598407281001,0.14050137272256147,2018-2019
Tunisia,5,Arabbarometer,2400,0.9941666666666666,0.08068533174857806,2018-2019
China,1,Asianbarometer,3183,0.9359095193213949,0.4374108664207341,2001-2003
Hong Kong SAR China,1,Asianbarometer,811,0.9334155363748459,0.29596007856877415,2001-2003
Japan,1,Asianbarometer,1418,0.9019746121297603,0.3099108957323746,2001-2003
Mongolia,1,Asianbarometer,1144,0.9938811188811189,0.1383510909058998,2001-2003
Philippines,1,Asianbarometer,1200,1,0.09434746467165422,2001-2003
South Korea,1,Asianbarometer,1500,0.9993333333333333,0.39359573048699126,2001-2003
Taiwan,1,Asianbarometer,1415,0.9717314487632509,0.3869918817470248,2001-2003
Thailand,1,Asianbarometer,1546,0.9851228978007762,0.16350124950677358,2001-2003
Cambodia,2,Asianbarometer,1000,0.998,0.07723505342848025,2005-2008
China,2,Asianbarometer,5098,0.9136916437818753,0.6126559320884528,2005-2008
Hong Kong SAR China,2,Asianbarometer,849,0.950530035335689,0.3234200743494424,2005-2008
Indonesia,2,Asianbarometer,1598,0.9937421777221527,0.08186397984886651,2005-2008
Japan,2,Asianbarometer,1067,0.9831302717900656,0.31335303249025137,2005-2008
Malaysia,2,Asianbarometer,1218,0.9712643678160919,0.04944680365928078,2005-2008
Mongolia,2,Asianbarometer,1211,0.9867877786952931,0.1015437832917947,2005-2008
Philippines,2,Asianbarometer,1200,0.9575,0.08348535730968565,2005-2008
Singapore,2,Asianbarometer,1012,0.9822134387351779,0.29561850425372627,2005-2008
South Korea,2,Asianbarometer,1212,0.9348184818481848,0.31952541193053263,2005-2008
Taiwan,2,Asianbarometer,1587,0.9558916194076874,0.34288321433860625,2005-2008
Thailand,2,Asianbarometer,1546,0.9780077619663649,0.4528015655908342,2005-2008
Vietnam,2,Asianbarometer,1200,0.97,0.5902061855670102,2005-2008
Cambodia,3,Asianbarometer,1200,0.9991666666666666,0.1148904232963075,2010-2012
China,3,Asianbarometer,3473,0.9484595450619061,0.5373200139769723,2010-2012
Hong Kong SAR China,3,Asianbarometer,1207,0.9262634631317316,0.38864041995895904,2010-2012
Indonesia,3,Asianbarometer,1550,0.9587096774193549,0.3545579182683798,2010-2012
Japan,3,Asianbarometer,1880,0.9872340425531915,0.386658264798867,2010-2012
Malaysia,3,Asianbarometer,1214,0.9892915980230642,0.09065236124189568,2010-2012
Mongolia,3,Asianbarometer,1210,0.9867768595041322,0.13166201461936455,2010-2012
Philippines,3,Asianbarometer,1200,0.995,0.07419609764898971,2010-2012
Singapore,3,Asianbarometer,1000,0.968,0.30371900826446274,2010-2012
South Korea,3,Asianbarometer,1207,0.9784589892294946,0.40179832437390317,2010-2012
Taiwan,3,Asianbarometer,1592,0.9886934673366834,0.36928069937231633,2010-2012
Thailand,3,Asianbarometer,1512,0.957010582010582,0.267791291895219,2010-2012
Vietnam,3,Asianbarometer,1191,0.8782535684298909,0.500916039841452,2010-2012
Cambodia,4,Asianbarometer,1200,0.9983333333333333,0.1338290103470816,2014-2016
China,4,Asianbarometer,4068,0.9255162241887905,0.430622289820795,2014-2016
Hong Kong SAR China,4,Asianbarometer,1217,0.9293344289235825,0.5853769328352028,2014-2016
Indonesia,4,Asianbarometer,1550,0.9787096774193549,0.2017139090309823,2014-2016
Japan,4,Asianbarometer,1081,0.9629972247918593,0.30438581692601296,2014-2016
Malaysia,4,Asianbarometer,1207,0.9933719966859983,0.08248830563187148,2014-2016
Mongolia,4,Asianbarometer,1228,0.9763843648208469,0.21378240568469198,2014-2016
Myanmar (Burma),4,Asianbarometer,1620,0.9895061728395061,0.18879324295731625,2014-2016
Philippines,4,Asianbarometer,1200,0.9958333333333333,0.08103515993899912,2014-2016
Singapore,4,Asianbarometer,1039,0.9509143407122232,0.23135236961697814,2014-2016
South Korea,4,Asianbarometer,1200,0.9758333333333333,0.3561058923996585,2014-2016
Taiwan,4,Asianbarometer,1657,0.9824984912492456,0.44932459501248245,2014-2016
Thailand,4,Asianbarometer,1200,0.915,0.35016353010767,2014-2016
Vietnam,4,Asianbarometer,1200,0.9958333333333333,0.42377072026076457,2014-2016
Mongolia,5,Asianbarometer,1284,0.9750778816199377,0.1413748328665867,2018-2021
Philippines,5,Asianbarometer,1200,0.995,0.0878447042901922,2018-2021
Taiwan,5,Asianbarometer,1259,0.9833200953137411,0.4355776708522934,2018-2021
Vietnam,5,Asianbarometer,1200,0.9691666666666666,0.3364442699544208,2018-2021
Belgium,1,EVS,1145,0.874235807860262,0.28717506480217625,1981-1983
Canada,1,EVS,1254,0.970494417862839,0.4907688009112987,1981-1983
Denmark,1,EVS,1182,0.8959390862944162,0.5126592143833542,1981-1983
France,1,EVS,1200,0.9308333333333333,0.2395134813881299,1981-1983
Germany,1,EVS,1305,0.8306513409961686,0.30742871162968166,1981-1983
Iceland,1,EVS,927,0.9805825242718447,0.4122580645161287,1981-1983
Ireland,1,EVS,1217,0.961380443714051,0.4157199163332277,1981-1983
Italy,1,EVS,1348,0.9658753709198813,0.2536433155014606,1981-1983
Malta,1,EVS,467,0.9379014989293362,0.10045662100456632,1981-1983
Netherlands,1,EVS,1221,0.877968877968878,0.43645181394615395,1981-1983
Northern Ireland,1,EVS,312,0.9551282051282052,0.45368800697010014,1981-1983
Norway,1,EVS,1051,0.9115128449096099,0.6085594989561587,1981-1983
Spain,1,EVS,2303,0.9366044290056448,0.34421890264003085,1981-1983
Sweden,1,EVS,954,0.9182389937106918,0.567351598173516,1981-1983
United Kingdom,1,EVS,1167,0.9657240788346186,0.43902158436361494,1981-1983
United States,1,EVS,2325,0.9716129032258064,0.4045067505092299,1981-1983
Austria,2,EVS,1460,0.8910958904109589,0.31631531395874135,1990-1993
Belgium,2,EVS,2792,0.9226361031518625,0.332036629859618,1990-1993
Bulgaria,2,EVS,1034,0.9448742746615088,0.30399181166837264,1990-1993
Canada,2,EVS,1730,0.9670520231213873,0.5242079308652616,1990-1993
Czechia,2,EVS,2109,0.972972972972973,0.2607212475633529,1990-1993
Denmark,2,EVS,1030,0.9631067961165048,0.5766129032258065,1990-1993
Estonia,2,EVS,1008,1,0.2757936507936507,1990-1993
Finland,2,EVS,588,0.9489795918367347,0.6272401433691757,1990-1993
France,2,EVS,1002,0.937125748502994,0.22790202342917998,1990-1993
Germany,2,EVS,3437,0.841722432353797,0.34676949234229393,1990-1993
Hungary,2,EVS,999,0.968968968968969,0.24586776859504123,1990-1993
Iceland,2,EVS,702,0.9572649572649573,0.43601190476190466,1990-1993
Ireland,2,EVS,1000,0.988,0.4736842105263157,1990-1993
Italy,2,EVS,2018,0.9573835480673935,0.34151404025628906,1990-1993
Latvia,2,EVS,903,1,0.19047619047619047,1990-1993
Lithuania,2,EVS,1000,1,0.30800000000000005,1990-1993
Malta,2,EVS,393,0.9516539440203562,0.23997993853508626,1990-1993
Netherlands,2,EVS,1017,0.9488692232055064,0.5311996339852969,1990-1993
Northern Ireland,2,EVS,304,0.9802631578947368,0.43624161073825496,1990-1993
Norway,2,EVS,1239,0.9330104923325262,0.6505190311418685,1990-1993
Poland,2,EVS,982,0.879837067209776,0.29166666666666674,1990-1993
Portugal,2,EVS,1185,0.9696202531645569,0.21430251041696047,1990-1993
Romania,2,EVS,1103,0.9818676337262012,0.16066481994459836,1990-1993
Slovakia,2,EVS,1136,0.9551056338028169,0.215668202764977,1990-1993
Slovenia,2,EVS,1035,0.9391304347826087,0.1738683127572016,1990-1993
Spain,2,EVS,2637,0.9385665529010239,0.3598327377045194,1990-1993
Sweden,2,EVS,1047,0.9016236867239733,0.6610169491525424,1990-1993
United Kingdom,2,EVS,1484,0.9703504043126685,0.43575403546368907,1990-1993
United States,2,EVS,1839,0.9690048939641109,0.5150558215117327,1990-1993
Austria,3,EVS,1522,0.9296977660972404,0.33868886602226067,1999-2001
Belarus,3,EVS,1000,0.908,0.41850220264317173,1999-2001
Belgium,3,EVS,1912,0.9539748953974896,0.3068005371916189,1999-2001
Bulgaria,3,EVS,1000,0.935,0.26913339245730805,1999-2001
Croatia,3,EVS,1003,0.9661016949152542,0.18421217958049985,1999-2001
Czechia,3,EVS,1908,0.980083857442348,0.23872743145377373,1999-2001
Denmark,3,EVS,1023,0.9638318670576735,0.6653144016227182,1999-2001
Estonia,3,EVS,1005,0.9492537313432836,0.22830275411956813,1999-2001
Finland,3,EVS,1038,0.9778420038535646,0.5800342366551186,1999-2001
France,3,EVS,1615,0.9659442724458205,0.2223521761286673,1999-2001
Germany,3,EVS,2036,0.9513752455795678,0.34766564040916714,1999-2001
Greece,3,EVS,1142,0.8633975481611208,0.23732251521298164,1999-2001
Hungary,3,EVS,1000,0.98,0.21835658697248106,1999-2001
Iceland,3,EVS,968,0.9555785123966942,0.41081081081081083,1999-2001
Ireland,3,EVS,1012,0.9802371541501976,0.3581312362936955,1999-2001
Italy,3,EVS,2000,0.973,0.3263103802672147,1999-2001
Latvia,3,EVS,1013,0.9743336623889437,0.17122593718338397,1999-2001
Lithuania,3,EVS,1018,0.9508840864440079,0.24877434765984274,1999-2001
Luxembourg,3,EVS,1211,0.9504541701073493,0.2595102698728571,1999-2001
Malta,3,EVS,1002,0.9860279441117764,0.20675777052371203,1999-2001
Netherlands,3,EVS,1003,0.9940179461615155,0.5980726952959556,1999-2001
Northern Ireland,3,EVS,1000,0.963,0.39495798319327724,1999-2001
Poland,3,EVS,1095,0.9671232876712329,0.1885437771253855,1999-2001
Portugal,3,EVS,1000,0.975,0.10048921373301978,1999-2001
Romania,3,EVS,1146,0.9729493891797557,0.10134529147982052,1999-2001
Russia,3,EVS,2500,0.966,0.2372999895175636,1999-2001
Slovakia,3,EVS,1331,0.9706987227648385,0.15695842619404665,1999-2001
Slovenia,3,EVS,1006,0.9761431411530815,0.21690427698574344,1999-2001
Spain,3,EVS,1200,0.9425,0.3854995579133511,1999-2001
Sweden,3,EVS,1015,0.9596059113300492,0.6630620995999335,1999-2001
Turkey,3,EVS,1206,0.9941956882255389,0.06755629691409504,1999-2001
Ukraine,3,EVS,1195,0.9598326359832636,0.2721647009099579,1999-2001
United Kingdom,3,EVS,1000,0.96,0.29748541944157614,1999-2001
Albania,4,EVS,1534,0.8950456323337679,0.10362212065973164,2008-2010
Armenia,4,EVS,1500,0.982,0.20733813667488454,2008-2010
Austria,4,EVS,1510,0.9615894039735099,0.3635870479488599,2008-2010
Belarus,4,EVS,1500,0.9113333333333333,0.45400354812387067,2008-2010
Belgium,4,EVS,1509,0.9927104042412194,0.3594234468061839,2008-2010
Bosnia & Herzegovina,4,EVS,1512,0.9675925925925926,0.26540068923169047,2008-2010
Bulgaria,4,EVS,1500,0.9633333333333334,0.1805239042911453,2008-2010
Croatia,4,EVS,1525,0.9639344262295082,0.2016758156546834,2008-2010
Cyprus,4,EVS,1500,0.9726666666666667,0.0754563004542319,2008-2010
Czechia,4,EVS,1821,0.9604612850082372,0.30614310425065305,2008-2010
Denmark,4,EVS,1507,0.9860650298606503,0.7612270467302635,2008-2010
Estonia,4,EVS,1518,0.9815546772068511,0.3233652635426747,2008-2010
Finland,4,EVS,1134,0.9462081128747796,0.651283594636354,2008-2010
France,4,EVS,1501,0.9926715522984677,0.2720372176478145,2008-2010
Georgia,4,EVS,1500,0.9613333333333334,0.22704571914139238,2008-2010
Germany,4,EVS,2075,0.9359036144578313,0.40368180764401584,2008-2010
Greece,4,EVS,1500,0.9526666666666667,0.2164922938069047,2008-2010
Hungary,4,EVS,1513,0.9960343688037012,0.20973201417215348,2008-2010
Iceland,4,EVS,808,0.9653465346534653,0.5049781083833607,2008-2010
Ireland,4,EVS,1013,0.9713721618953604,0.384847576765164,2008-2010
Italy,4,EVS,1519,0.9585253456221198,0.3087591996133978,2008-2010
Kosovo,4,EVS,1601,0.9643972517176764,0.10899139571568295,2008-2010
Latvia,4,EVS,1506,0.9734395750332006,0.25595679146554806,2008-2010
Lithuania,4,EVS,1500,0.9326666666666666,0.2975544270299133,2008-2010
Luxembourg,4,EVS,1610,0.9496894409937888,0.3301065179443279,2008-2010
Malta,4,EVS,1500,0.95,0.2252636649922517,2008-2010
Moldova,4,EVS,1551,0.9671179883945842,0.12120361902288157,2008-2010
Montenegro,4,EVS,1516,0.9525065963060686,0.2523406799792012,2008-2010
Netherlands,4,EVS,1554,0.9819819819819819,0.6294575845470247,2008-2010
North Macedonia,4,EVS,1500,0.904,0.19426567385054105,2008-2010
Northern Ireland,4,EVS,500,0.982,0.29082074922334655,2008-2010
Norway,4,EVS,1090,0.9834862385321101,0.7420465096293882,2008-2010
Poland,4,EVS,1510,0.9357615894039735,0.27846867372210093,2008-2010
Portugal,4,EVS,1553,0.978750804893754,0.19708768978271074,2008-2010
Romania,4,EVS,1489,0.9147078576225655,0.17671284284299715,2008-2010
Russia,4,EVS,1504,0.96875,0.29414635300694947,2008-2010
Serbia,4,EVS,1512,0.9775132275132276,0.12128153255327745,2008-2010
Slovakia,4,EVS,1509,0.94831013916501,0.12793688916975077,2008-2010
Slovenia,4,EVS,1366,0.9787701317715959,0.24358782669475865,2008-2010
Spain,4,EVS,1500,0.9826666666666667,0.34544596306742514,2008-2010
Sweden,4,EVS,1187,0.8997472620050547,0.7009088900261635,2008-2010
Switzerland,4,EVS,1271,0.963021243115657,0.5542088114401704,2008-2010
Turkey,4,EVS,2384,0.986996644295302,0.1130895245960124,2008-2010
Ukraine,4,EVS,1507,0.9528865295288653,0.28349075697336756,2008-2010
United Kingdom,4,EVS,1561,0.9724535554131967,0.40120127030729225,2008-2010
Albania,5,EVS,1435,0.9965156794425087,0.027856565587160098,2017-2020
Armenia,5,EVS,1500,0.9886666666666667,0.24995957150345682,2017-2020
Austria,5,EVS,1644,0.9701946472019465,0.511881143602015,2017-2020
Azerbaijan,5,EVS,1800,0.9405555555555556,0.28228229676627437,2017-2020
Belarus,5,EVS,1548,0.9483204134366925,0.42210573247455874,2017-2020
Bosnia & Herzegovina,5,EVS,1724,0.9895591647331786,0.09735417216505726,2017-2020
Bulgaria,5,EVS,1558,0.9743260590500642,0.17548802660019702,2017-2020
Croatia,5,EVS,1487,0.9744451916610626,0.1396053145143772,2017-2020
Czechia,5,EVS,1811,0.9503036996134733,0.2236641306598044,2017-2020
Denmark,5,EVS,3362,0.9946460440214159,0.7409044945839969,2017-2020
Estonia,5,EVS,1304,0.9838957055214724,0.34445307279779547,2017-2020
Finland,5,EVS,1199,0.981651376146789,0.697804109508662,2017-2020
France,5,EVS,1870,0.986096256684492,0.26639020269157165,2017-2020
Georgia,5,EVS,2194,0.9904284412032817,0.09110767112632323,2017-2020
Germany,5,EVS,2170,0.9516129032258065,0.41407119226450506,2017-2020
Hungary,5,EVS,1514,0.9887714663143989,0.27433395907095015,2017-2020
Iceland,5,EVS,1624,0.9839901477832512,0.6325188656995109,2017-2020
Italy,5,EVS,2277,0.9793588054457619,0.2714246346498681,2017-2020
Lithuania,5,EVS,1448,0.9668508287292817,0.3289876037478432,2017-2020
Montenegro,5,EVS,1003,0.9750747756729811,0.22362375406821777,2017-2020
Netherlands,5,EVS,2404,0.9837770382695508,0.5951344967490195,2017-2020
North Macedonia,5,EVS,1117,0.9516562220232766,0.15864494912277083,2017-2020
Norway,5,EVS,1122,0.9884135472370766,0.7284001993044245,2017-2020
Poland,5,EVS,1352,0.9718934911242604,0.24827463758117174,2017-2020
Portugal,5,EVS,1215,0.9934156378600824,0.17011044695662236,2017-2020
Romania,5,EVS,1613,0.9801611903285803,0.12945697295134861,2017-2020
Russia,5,EVS,1825,0.9693150684931506,0.23603839130267223,2017-2020
Serbia,5,EVS,1499,0.961974649766511,0.1715407608655104,2017-2020
Slovakia,5,EVS,1432,0.9888268156424581,0.21628947012081645,2017-2020
Slovenia,5,EVS,1075,0.986046511627907,0.2565206266003819,2017-2020
Spain,5,EVS,1209,0.9875930521091811,0.41512869104340844,2017-2020
Sweden,5,EVS,1194,0.983249581239531,0.6376987728816812,2017-2020
Switzerland,5,EVS,3174,0.9880277252678009,0.5928308586824198,2017-2020
Ukraine,5,EVS,1612,0.9516129032258065,0.28192971548552936,2017-2020
United Kingdom,5,EVS,1788,0.9944071588366891,0.404253536041806,2017-2020
Argentina,1996,Latinobarometro,1199,0.9666388657214345,0.23641069887834343,1996
Bolivia,1996,Latinobarometro,772,0.9805699481865285,0.1770145310435931,1996
Brazil,1996,Latinobarometro,1080,0.9898148148148148,0.11269550661223304,1996
Chile,1996,Latinobarometro,1200,0.9775,0.18069794158818087,1996
Colombia,1996,Latinobarometro,1202,0.9883527454242929,0.2314814814814814,1996
Costa Rica,1996,Latinobarometro,1001,0.971028971028971,0.11316872427983538,1996
Ecuador,1996,Latinobarometro,1200,0.9766666666666667,0.20307167235494883,1996
El Salvador,1996,Latinobarometro,1003,0.9361914257228315,0.2460063897763578,1996
Guatemala,1996,Latinobarometro,1001,0.942057942057942,0.2969247083775186,1996
Honduras,1996,Latinobarometro,998,0.9799599198396793,0.25153374233128845,1996
Mexico,1996,Latinobarometro,1526,0.971821756225426,0.2144302090357384,1996
Nicaragua,1996,Latinobarometro,1034,0.97678916827853,0.20792079207920788,1996
Panama,1996,Latinobarometro,1005,0.9960199004975124,0.24875124875124865,1996
Paraguay,1996,Latinobarometro,598,0.9933110367892977,0.23569023569023573,1996
Peru,1996,Latinobarometro,1200,0.9216666666666666,0.14556962025316467,1996
Spain,1996,Latinobarometro,2481,0.947198710197501,0.36170212765957444,1996
Uruguay,1996,Latinobarometro,1200,0.99,0.33333333333333326,1996
Venezuela,1996,Latinobarometro,1500,0.97,0.11615120274914092,1996
Argentina,1997,Latinobarometro,1196,0.9816053511705686,0.186541737649063,1997
Bolivia,1997,Latinobarometro,796,0.9748743718592965,0.1391752577319587,1997
Brazil,1997,Latinobarometro,1001,0.9820179820179821,0.04883011190233977,1997
Chile,1997,Latinobarometro,1200,0.9875,0.17818108383336262,1997
Colombia,1997,Latinobarometro,1200,0.9841666666666666,0.3197991007097345,1997
Costa Rica,1997,Latinobarometro,1007,0.9791459781529295,0.3042596348884381,1997
Ecuador,1997,Latinobarometro,1200,0.9758333333333333,0.17421007685738688,1997
El Salvador,1997,Latinobarometro,1010,0.9653465346534653,0.30666666666666664,1997
Guatemala,1997,Latinobarometro,1000,0.891,0.3288439955106621,1997
Honduras,1997,Latinobarometro,1011,0.9812067260138477,0.28830645161290325,1997
Mexico,1997,Latinobarometro,1105,0.9710407239819004,0.440820130475303,1997
Nicaragua,1997,Latinobarometro,1002,0.9850299401197605,0.3535967578520769,1997
Panama,1997,Latinobarometro,1021,0.9676787463271302,0.20445344129554655,1997
Paraguay,1997,Latinobarometro,575,0.9860869565217392,0.0868645865571469,1997
Peru,1997,Latinobarometro,1054,0.9629981024667932,0.13596059113300485,1997
Spain,1997,Latinobarometro,2476,0.9567851373182552,0.33009708737864085,1997
Uruguay,1997,Latinobarometro,1189,0.990748528174937,0.31163657451768745,1997
Venezuela,1997,Latinobarometro,1200,0.98,0.11224489795918369,1997
Argentina,1998,Latinobarometro,1200,0.9716666666666667,0.23925344900688184,1998
Bolivia,1998,Latinobarometro,794,0.9785894206549118,0.21126782892309426,1998
Brazil,1998,Latinobarometro,1000,0.995,0.04664401746074698,1998
Chile,1998,Latinobarometro,1200,0.9841666666666666,0.15028196272893046,1998
Colombia,1998,Latinobarometro,1200,0.9666666666666667,0.20603448275862069,1998
Costa Rica,1998,Latinobarometro,1000,0.955,0.35183246073298435,1998
Ecuador,1998,Latinobarometro,1200,0.9475,0.227792436235708,1998
El Salvador,1998,Latinobarometro,1000,0.964,0.22095435684647313,1998
Guatemala,1998,Latinobarometro,1000,0.966,0.27122153209109734,1998
Honduras,1998,Latinobarometro,1000,0.951,0.16929547844374349,1998
Mexico,1998,Latinobarometro,1200,0.9791666666666666,0.40595744680851054,1998
Nicaragua,1998,Latinobarometro,1000,0.96,0.109375,1998
Panama,1998,Latinobarometro,1000,0.968,0.18698347107438007,1998
Paraguay,1998,Latinobarometro,600,0.99,0.13303571759267374,1998
Peru,1998,Latinobarometro,1045,0.9559808612440192,0.1351351351351351,1998
Spain,1998,Latinobarometro,2492,0.9747191011235955,0.35570193495265534,1998
Uruguay,1998,Latinobarometro,1200,0.9841666666666666,0.3450228540310809,1998
Venezuela,1998,Latinobarometro,1200,0.9891666666666666,0.1609098567818028,1998
Argentina,2000,Latinobarometro,1200,0.99,0.11439026832451371,2000
Bolivia,2000,Latinobarometro,1080,0.9703703703703703,0.18511450381679384,2000
Brazil,2000,Latinobarometro,1000,0.991,0.04209288613392337,2000
Chile,2000,Latinobarometro,1183,0.9797125950972105,0.136158254844144,2000
Colombia,2000,Latinobarometro,1200,0.985,0.1487562124548325,2000
Costa Rica,2000,Latinobarometro,981,0.9806320081549439,0.12993762993763003,2000
Ecuador,2000,Latinobarometro,1200,0.965,0.16321243523316054,2000
El Salvador,2000,Latinobarometro,1001,0.984015984015984,0.1624365482233503,2000
Guatemala,2000,Latinobarometro,989,0.9646107178968655,0.17819706498951793,2000
Honduras,2000,Latinobarometro,997,0.9819458375125376,0.09090909090909083,2000
Mexico,2000,Latinobarometro,1166,0.9802744425385935,0.34733158355205607,2000
Nicaragua,2000,Latinobarometro,1000,0.967,0.11478800413650458,2000
Panama,2000,Latinobarometro,993,0.9707955689828801,0.15560165975103724,2000
Paraguay,2000,Latinobarometro,602,1,0.17085712446441614,2000
Peru,2000,Latinobarometro,1046,0.9760994263862333,0.11165523996082283,2000
Uruguay,2000,Latinobarometro,1200,0.9875,0.2325077513897964,2000
Venezuela,2000,Latinobarometro,1200,0.9691666666666666,0.15563198624247643,2000
Argentina,2001,Latinobarometro,1200,0.9741666666666666,0.16019430033102644,2001
Bolivia,2001,Latinobarometro,1075,0.9618604651162791,0.14216634429400377,2001
Brazil,2001,Latinobarometro,1000,0.992,0.024193548387096753,2001
Chile,2001,Latinobarometro,1174,0.9804088586030665,0.14950702249415992,2001
Colombia,2001,Latinobarometro,1199,0.981651376146789,0.1374649797955887,2001
Costa Rica,2001,Latinobarometro,1000,0.991,0.1251261352169526,2001
Ecuador,2001,Latinobarometro,1200,0.9708333333333333,0.18208657395881112,2001
El Salvador,2001,Latinobarometro,1000,0.962,0.14802228077141288,2001
Guatemala,2001,Latinobarometro,1002,0.9431137724550899,0.11648158573423073,2001
Honduras,2001,Latinobarometro,1000,0.97,0.12425611889343924,2001
Mexico,2001,Latinobarometro,1253,0.985634477254589,0.36496609225071186,2001
Nicaragua,2001,Latinobarometro,1005,0.991044776119403,0.3082329317269077,2001
Panama,2001,Latinobarometro,1000,0.949,0.2528977871443625,2001
Paraguay,2001,Latinobarometro,604,0.9850993377483444,0.17439149811081656,2001
Peru,2001,Latinobarometro,1023,0.9237536656891495,0.13968253968253963,2001
Spain,2001,Latinobarometro,2496,0.9615384615384616,0.34791666666666665,2001
Uruguay,2001,Latinobarometro,1200,0.9775,0.24124113832172078,2001
Venezuela,2001,Latinobarometro,1200,0.9833333333333333,0.16844574616836105,2001
Argentina,2002,Latinobarometro,1200,0.98,0.22659657042476478,2002
Bolivia,2002,Latinobarometro,1242,0.9589371980676329,0.2939125313277282,2002
Brazil,2002,Latinobarometro,1000,0.981,0.031600407747196746,2002
Chile,2002,Latinobarometro,1196,0.9807692307692307,0.1350536784421148,2002
Colombia,2002,Latinobarometro,1200,0.96,0.18009277873759988,2002
Costa Rica,2002,Latinobarometro,1006,0.9393638170974155,0.14814814814814814,2002
Ecuador,2002,Latinobarometro,1200,0.9766666666666667,0.2431876295098585,2002
El Salvador,2002,Latinobarometro,1014,0.9516765285996055,0.21887417598048797,2002
Guatemala,2002,Latinobarometro,1000,0.962,0.14705451210601472,2002
Honduras,2002,Latinobarometro,1004,0.9711155378486056,0.15548053307872367,2002
Mexico,2002,Latinobarometro,1210,0.9735537190082645,0.2252560390200049,2002
Nicaragua,2002,Latinobarometro,1016,0.9724409448818898,0.17307692307692313,2002
Panama,2002,Latinobarometro,1010,0.9435643564356435,0.295973408569399,2002
Paraguay,2002,Latinobarometro,600,0.9866666666666667,0.05881598028024415,2002
Peru,2002,Latinobarometro,1224,0.920751633986928,0.15895903252440124,2002
Spain,2002,Latinobarometro,2484,0.9601449275362319,0.32788259958071286,2002
Uruguay,2002,Latinobarometro,1200,0.9683333333333334,0.3702622975219416,2002
Venezuela,2002,Latinobarometro,1200,0.93,0.1293022495596643,2002
Argentina,2003,Latinobarometro,1200,0.9591666666666666,0.18653163657825123,2003
Bolivia,2003,Latinobarometro,1200,0.9833333333333333,0.21563826587996537,2003
Brazil,2003,Latinobarometro,1200,0.985,0.03685125625768304,2003
Chile,2003,Latinobarometro,1200,0.9591666666666666,0.10278515376112973,2003
Colombia,2003,Latinobarometro,1200,0.9758333333333333,0.13717264293222176,2003
Costa Rica,2003,Latinobarometro,1004,0.9820717131474104,0.10734454831550932,2003
Ecuador,2003,Latinobarometro,1200,0.9875,0.20062948234551414,2003
El Salvador,2003,Latinobarometro,1008,0.9593253968253969,0.12906769212984504,2003
Guatemala,2003,Latinobarometro,1006,0.9035785288270378,0.2058730394843986,2003
Honduras,2003,Latinobarometro,1006,0.9771371769383698,0.18386121700732616,2003
Mexico,2003,Latinobarometro,1200,0.9908333333333333,0.19167996145438315,2003
Nicaragua,2003,Latinobarometro,1010,0.9772277227722772,0.18201449443190443,2003
Panama,2003,Latinobarometro,1004,0.9422310756972112,0.2642706131078225,2003
Paraguay,2003,Latinobarometro,600,0.9933333333333333,0.0728041772564183,2003
Peru,2003,Latinobarometro,1200,0.9608333333333333,0.15670375373893908,2003
Spain,2003,Latinobarometro,2495,0.9715430861723446,0.3283828382838283,2003
Uruguay,2003,Latinobarometro,1200,0.9775,0.35923525446802973,2003
Venezuela,2003,Latinobarometro,1200,0.99,0.13495700920419695,2003
Argentina,2004,Latinobarometro,1200,0.9658333333333333,0.15971173540091232,2004
Bolivia,2004,Latinobarometro,1201,0.9425478767693589,0.14777796055076609,2004
Brazil,2004,Latinobarometro,1204,0.9867109634551495,0.04124579124579131,2004
Chile,2004,Latinobarometro,1200,0.985,0.1960957656332396,2004
Colombia,2004,Latinobarometro,1200,0.9775,0.22561956579037834,2004
Costa Rica,2004,Latinobarometro,1000,0.981,0.07849133537206932,2004
Dominican Republic,2004,Latinobarometro,1000,0.956,0.13475930515479662,2004
Ecuador,2004,Latinobarometro,1200,0.9691666666666666,0.19244476682718448,2004
El Salvador,2004,Latinobarometro,1000,0.926,0.17228434065008225,2004
Guatemala,2004,Latinobarometro,1000,0.962,0.1477346256362313,2004
Honduras,2004,Latinobarometro,1000,0.977,0.20897441246662107,2004
Mexico,2004,Latinobarometro,1200,0.9875,0.15956240160528035,2004
Nicaragua,2004,Latinobarometro,1000,0.951,0.1250803385914241,2004
Panama,2004,Latinobarometro,1000,0.965,0.21036269430051813,2004
Paraguay,2004,Latinobarometro,600,0.9883333333333333,0.061140917879200396,2004
Peru,2004,Latinobarometro,1200,0.9708333333333333,0.16553427512800312,2004
Spain,2004,Latinobarometro,2491,0.955841027699719,0.3910121797564048,2004
Uruguay,2004,Latinobarometro,1200,0.9325,0.26058489877937374,2004
Venezuela,2004,Latinobarometro,1200,0.9841666666666666,0.1714289668581015,2004
Argentina,2005,Latinobarometro,1200,0.9591666666666666,0.3150016633412547,2005
Bolivia,2005,Latinobarometro,1200,0.9591666666666666,0.20809837114370655,2005
Brazil,2005,Latinobarometro,1204,0.9925249169435216,0.056903765690376584,2005
Chile,2005,Latinobarometro,1200,0.975,0.1468185521758878,2005
Colombia,2005,Latinobarometro,1200,0.975,0.19999999999999996,2005
Costa Rica,2005,Latinobarometro,1000,0.977,0.15046059365404307,2005
Dominican Republic,2005,Latinobarometro,1000,0.948,0.2489583782857714,2005
Ecuador,2005,Latinobarometro,1200,0.9741666666666666,0.17621899059024804,2005
El Salvador,2005,Latinobarometro,1010,0.9693069306930693,0.26008986751860186,2005
Guatemala,2005,Latinobarometro,1000,0.966,0.2088119589189681,2005
Honduras,2005,Latinobarometro,1000,0.971,0.14308535485292917,2005
Mexico,2005,Latinobarometro,1200,0.995,0.24128447320538826,2005
Nicaragua,2005,Latinobarometro,1000,0.957,0.11237912054718446,2005
Panama,2005,Latinobarometro,1008,0.9623015873015873,0.1649484536082475,2005
Paraguay,2005,Latinobarometro,1200,0.9925,0.15918515235028297,2005
Peru,2005,Latinobarometro,1200,0.965,0.15525792738636834,2005
Uruguay,2005,Latinobarometro,1200,0.9633333333333334,0.35449362263695994,2005
Venezuela,2005,Latinobarometro,1200,0.9633333333333334,0.26949417233425343,2005
Argentina,2006,Latinobarometro,1200,0.9741666666666666,0.24727629658560657,2006
Bolivia,2006,Latinobarometro,1200,0.9625,0.23376623376623384,2006
Brazil,2006,Latinobarometro,1204,0.979235880398671,0.05428329092451234,2006
Chile,2006,Latinobarometro,1200,0.9783333333333334,0.1303623873658517,2006
Colombia,2006,Latinobarometro,1200,0.9858333333333333,0.18170826922710126,2006
Costa Rica,2006,Latinobarometro,1000,0.962,0.1787941787941787,2006
Dominican Republic,2006,Latinobarometro,1000,0.951,0.2852728457962328,2006
Ecuador,2006,Latinobarometro,1200,0.9741666666666666,0.29597946963216426,2006
El Salvador,2006,Latinobarometro,1020,0.9558823529411765,0.17616423680674465,2006
Guatemala,2006,Latinobarometro,1000,0.952,0.34462169622663574,2006
Honduras,2006,Latinobarometro,1000,0.945,0.24317655701513807,2006
Mexico,2006,Latinobarometro,1200,0.94,0.29645464528875265,2006
Nicaragua,2006,Latinobarometro,1000,0.968,0.21196897834866357,2006
Panama,2006,Latinobarometro,1008,0.9513888888888888,0.14077163712200202,2006
Paraguay,2006,Latinobarometro,1200,0.9783333333333334,0.1336917664559658,2006
Peru,2006,Latinobarometro,1200,0.9441666666666667,0.23477493380406012,2006
Spain,2006,Latinobarometro,2476,0.9543618739903069,0.3863732543377063,2006
Uruguay,2006,Latinobarometro,1200,0.9516666666666667,0.31858995276709656,2006
Venezuela,2006,Latinobarometro,1200,0.94,0.30784317191518706,2006
Argentina,2007,Latinobarometro,1200,0.9741666666666666,0.14421511168141254,2007
Bolivia,2007,Latinobarometro,1200,0.9725,0.21508140531276787,2007
Brazil,2007,Latinobarometro,1204,0.9941860465116279,0.05680868838763575,2007
Chile,2007,Latinobarometro,1200,0.9666666666666667,0.09273498457919738,2007
Colombia,2007,Latinobarometro,1200,0.9958333333333333,0.08879194498456222,2007
Costa Rica,2007,Latinobarometro,1000,0.958,0.0843326729650995,2007
Dominican Republic,2007,Latinobarometro,1000,0.94,0.21549366385829227,2007
Ecuador,2007,Latinobarometro,1200,0.985,0.11928934010152292,2007
El Salvador,2007,Latinobarometro,1000,0.965,0.20768232806899478,2007
Guatemala,2007,Latinobarometro,1000,0.941,0.3205973801983224,2007
Honduras,2007,Latinobarometro,1000,0.95,0.17232823283181897,2007
Mexico,2007,Latinobarometro,1200,0.9825,0.20101781170483468,2007
Nicaragua,2007,Latinobarometro,1000,0.984,0.2116515239342056,2007
Panama,2007,Latinobarometro,1008,0.9226190476190477,0.2462012178171018,2007
Paraguay,2007,Latinobarometro,1200,0.9775,0.05986365573072017,2007
Peru,2007,Latinobarometro,1200,0.9758333333333333,0.14346712211784807,2007
Spain,2007,Latinobarometro,2482,0.9633360193392425,0.3094939355918025,2007
Uruguay,2007,Latinobarometro,1200,0.935,0.29144385026737973,2007
Venezuela,2007,Latinobarometro,1200,0.9408333333333333,0.2712925378953044,2007
Argentina,2008,Latinobarometro,1200,0.9791666666666666,0.19659574468085106,2008
Bolivia,2008,Latinobarometro,1200,0.9575,0.23237597911227148,2008
Brazil,2008,Latinobarometro,1204,0.9958471760797342,0.08590492076730616,2008
Chile,2008,Latinobarometro,1200,0.9833333333333333,0.1615314694040506,2008
Colombia,2008,Latinobarometro,1200,0.985,0.1482164393067582,2008
Costa Rica,2008,Latinobarometro,1000,0.977,0.23859081177904673,2008
Dominican Republic,2008,Latinobarometro,1000,0.975,0.3702564102564103,2008
Ecuador,2008,Latinobarometro,1200,0.955,0.35689354275741714,2008
El Salvador,2008,Latinobarometro,1000,0.974,0.2959246645544922,2008
Guatemala,2008,Latinobarometro,1000,0.942,0.24410822520306374,2008
Honduras,2008,Latinobarometro,1000,0.951,0.2217216294377753,2008
Mexico,2008,Latinobarometro,1200,0.9766666666666667,0.2013651877133107,2008
Nicaragua,2008,Latinobarometro,1000,0.98,0.2253442982760021,2008
Panama,2008,Latinobarometro,1000,0.95,0.21631727093252073,2008
Paraguay,2008,Latinobarometro,1200,0.9883333333333333,0.1087919038583176,2008
Peru,2008,Latinobarometro,1200,0.9716666666666667,0.1423670668953687,2008
Spain,2008,Latinobarometro,2471,0.9716713881019831,0.34818825489379424,2008
Uruguay,2008,Latinobarometro,1200,0.9683333333333334,0.26333907056798633,2008
Venezuela,2008,Latinobarometro,1200,0.9783333333333334,0.23679727427597963,2008
Argentina,2009,Latinobarometro,1200,0.9858333333333333,0.1896641730220947,2009
Bolivia,2009,Latinobarometro,1200,0.9708333333333333,0.2635193133047211,2009
Brazil,2009,Latinobarometro,1204,0.9900332225913622,0.07550335570469802,2009
Chile,2009,Latinobarometro,1200,0.99,0.15552467230287337,2009
Colombia,2009,Latinobarometro,1200,0.96,0.20129661612698846,2009
Costa Rica,2009,Latinobarometro,1000,0.979,0.22063329928498465,2009
Dominican Republic,2009,Latinobarometro,1000,0.984,0.3641167442513895,2009
Ecuador,2009,Latinobarometro,1200,0.9675,0.20155038759689914,2009
El Salvador,2009,Latinobarometro,1000,0.938,0.3007116571418127,2009
Guatemala,2009,Latinobarometro,1000,0.933,0.31714837398531626,2009
Honduras,2009,Latinobarometro,1000,0.974,0.2028330087090875,2009
Mexico,2009,Latinobarometro,1200,0.9691666666666666,0.25021496130696486,2009
Nicaragua,2009,Latinobarometro,1000,0.948,0.20368175944438316,2009
Panama,2009,Latinobarometro,1000,0.954,0.20230607966457015,2009
Paraguay,2009,Latinobarometro,1200,0.985,0.1694879390605164,2009
Peru,2009,Latinobarometro,1200,0.9633333333333334,0.17474048442906565,2009
Spain,2009,Latinobarometro,2486,0.9766693483507642,0.38426688632619443,2009
Uruguay,2009,Latinobarometro,1200,0.9708333333333333,0.3030042918454936,2009
Venezuela,2009,Latinobarometro,1200,0.985,0.22965541271738887,2009
Argentina,2010,Latinobarometro,1200,0.9908333333333333,0.24082195006692397,2010
Bolivia,2010,Latinobarometro,1200,0.9608333333333333,0.18820468343451857,2010
Brazil,2010,Latinobarometro,1204,0.9825581395348837,0.10228233305156387,2010
Chile,2010,Latinobarometro,1200,0.9941666666666666,0.18008818619996236,2010
Colombia,2010,Latinobarometro,1200,0.9866666666666667,0.20494014222800194,2010
Costa Rica,2010,Latinobarometro,1000,0.987,0.1884498480243162,2010
Dominican Republic,2010,Latinobarometro,1000,0.987,0.31343290497682474,2010
Ecuador,2010,Latinobarometro,1200,0.9891666666666666,0.1676495366470092,2010
El Salvador,2010,Latinobarometro,1000,0.967,0.2635832229767241,2010
Guatemala,2010,Latinobarometro,1000,0.969,0.18904452785314763,2010
Honduras,2010,Latinobarometro,1000,0.986,0.2175762542708961,2010
Mexico,2010,Latinobarometro,1200,0.98,0.26700680272108834,2010
Nicaragua,2010,Latinobarometro,1000,0.976,0.16879441198423328,2010
Panama,2010,Latinobarometro,1000,0.982,0.21384928716904272,2010
Paraguay,2010,Latinobarometro,1200,0.9758333333333333,0.1382096534127153,2010
Peru,2010,Latinobarometro,1200,0.9666666666666667,0.14482758620689662,2010
Spain,2010,Latinobarometro,2483,0.9685863874345549,0.3833679833679833,2010
Uruguay,2010,Latinobarometro,1200,0.9791666666666666,0.308936170212766,2010
Venezuela,2010,Latinobarometro,1200,0.9825,0.24086368815312054,2010
Argentina,2011,Latinobarometro,1200,0.975,0.28884543196526735,2011
Bolivia,2011,Latinobarometro,1200,0.9175,0.21253405994550412,2011
Brazil,2011,Latinobarometro,1204,0.9601328903654485,0.08910034602076133,2011
Chile,2011,Latinobarometro,1200,0.9866666666666667,0.16737236231786756,2011
Colombia,2011,Latinobarometro,1200,0.9891666666666666,0.19317590614619995,2011
Costa Rica,2011,Latinobarometro,1000,0.943,0.1866383881230116,2011
Dominican Republic,2011,Latinobarometro,1000,0.984,0.3596424513563834,2011
Ecuador,2011,Latinobarometro,1200,0.9825,0.2442748091603053,2011
El Salvador,2011,Latinobarometro,1000,0.988,0.2829891429691407,2011
Guatemala,2011,Latinobarometro,1000,0.952,0.21340305005129911,2011
Honduras,2011,Latinobarometro,1000,0.996,0.32966465447684046,2011
Mexico,2011,Latinobarometro,1200,0.9766666666666667,0.23634812286689422,2011
Nicaragua,2011,Latinobarometro,1000,0.973,0.15699251073851173,2011
Panama,2011,Latinobarometro,1000,0.965,0.22176165803108816,2011
Paraguay,2011,Latinobarometro,1200,0.9658333333333333,0.2255719478298055,2011
Peru,2011,Latinobarometro,1200,0.9533333333333334,0.18356643356643354,2011
Uruguay,2011,Latinobarometro,1200,0.9725,0.22622107969151672,2011
Venezuela,2011,Latinobarometro,1200,0.965,0.2606351055117866,2011
Argentina,2013,Latinobarometro,1200,0.9525,0.2663528225539389,2013
Bolivia,2013,Latinobarometro,1200,0.9491666666666667,0.11940298507462677,2013
Brazil,2013,Latinobarometro,1204,0.9742524916943521,0.04774083546462071,2013
Chile,2013,Latinobarometro,1200,0.9583333333333334,0.12276033917839912,2013
Colombia,2013,Latinobarometro,1200,0.9975,0.15197421208012973,2013
Costa Rica,2013,Latinobarometro,1000,0.968,0.15289256198347112,2013
Dominican Republic,2013,Latinobarometro,1000,0.991,0.16305867666870588,2013
Ecuador,2013,Latinobarometro,1200,0.9675,0.13781223083548655,2013
El Salvador,2013,Latinobarometro,1000,0.974,0.21055060789916857,2013
Guatemala,2013,Latinobarometro,1000,0.976,0.1436251834198663,2013
Honduras,2013,Latinobarometro,1000,0.962,0.19886824948091042,2013
Mexico,2013,Latinobarometro,1200,0.9808333333333333,0.18011894647408666,2013
Nicaragua,2013,Latinobarometro,1000,0.988,0.2403760586789334,2013
Panama,2013,Latinobarometro,1000,0.947,0.19324181626187964,2013
Paraguay,2013,Latinobarometro,1200,0.9658333333333333,0.10536564257897019,2013
Peru,2013,Latinobarometro,1200,0.9433333333333334,0.14045936395759728,2013
Spain,2013,Latinobarometro,2459,0.9568930459536397,0.38886527836804086,2013
Uruguay,2013,Latinobarometro,1200,0.9825,0.2094995759117897,2013
Venezuela,2013,Latinobarometro,1200,0.9625,0.22077922077922074,2013
Argentina,2015,Latinobarometro,1200,0.9866666666666667,0.22708817708838835,2015
Bolivia,2015,Latinobarometro,1200,0.9591666666666666,0.20417028670721105,2015
Brazil,2015,Latinobarometro,1250,0.9896,0.07437348423605505,2015
Chile,2015,Latinobarometro,1200,0.9783333333333334,0.15542474845444954,2015
Colombia,2015,Latinobarometro,1200,0.9916666666666667,0.16786764189912362,2015
Costa Rica,2015,Latinobarometro,1000,0.97,0.10824742268041243,2015
Dominican Republic,2015,Latinobarometro,1000,0.993,0.12736025484021551,2015
Ecuador,2015,Latinobarometro,1200,0.9941666666666666,0.2145850796311819,2015
El Salvador,2015,Latinobarometro,1000,0.948,0.1813885603450327,2015
Guatemala,2015,Latinobarometro,1000,0.974,0.16442946423499416,2015
Honduras,2015,Latinobarometro,1000,0.959,0.15670241828184284,2015
Mexico,2015,Latinobarometro,1200,0.9925,0.1612090680100755,2015
Nicaragua,2015,Latinobarometro,1000,0.976,0.16562583698811784,2015
Panama,2015,Latinobarometro,1000,0.937,0.23906083244397003,2015
Paraguay,2015,Latinobarometro,1200,0.9833333333333333,0.1815450183103664,2015
Peru,2015,Latinobarometro,1200,0.9708333333333333,0.18197424892703862,2015
Uruguay,2015,Latinobarometro,1200,0.9858333333333333,0.21893491124260356,2015
Venezuela,2015,Latinobarometro,1200,0.9866666666666667,0.14780405405405395,2015
Argentina,2016,Latinobarometro,1200,0.9925,0.24172721053316382,2016
Bolivia,2016,Latinobarometro,1200,0.9691666666666666,0.1573516766981944,2016
Brazil,2016,Latinobarometro,1204,0.9925249169435216,0.03347280334728042,2016
Chile,2016,Latinobarometro,1200,0.9816666666666667,0.12559995912801147,2016
Colombia,2016,Latinobarometro,1200,0.9916666666666667,0.15709921308777908,2016
Costa Rica,2016,Latinobarometro,1000,0.969,0.10010319917440658,2016
Dominican Republic,2016,Latinobarometro,1000,0.99,0.17373737373737375,2016
Ecuador,2016,Latinobarometro,1200,0.975,0.21623931623931614,2016
El Salvador,2016,Latinobarometro,1000,0.961,0.13755759965000425,2016
Guatemala,2016,Latinobarometro,1000,0.985,0.20260420963721204,2016
Honduras,2016,Latinobarometro,1000,0.977,0.12572246908155882,2016
Mexico,2016,Latinobarometro,1200,0.975,0.308812517582542,2016
Nicaragua,2016,Latinobarometro,1000,0.98,0.18310072123131604,2016
Panama,2016,Latinobarometro,1000,0.956,0.19246861924686187,2016
Paraguay,2016,Latinobarometro,1200,0.9883333333333333,0.18752379632971383,2016
Peru,2016,Latinobarometro,1200,0.9675,0.1507321274763136,2016
Uruguay,2016,Latinobarometro,1200,0.9891666666666666,0.17270429654591402,2016
Venezuela,2016,Latinobarometro,1200,0.9925,0.14525608732157846,2016
Argentina,2017,Latinobarometro,1200,0.9866666666666667,0.19629749221494563,2017
Bolivia,2017,Latinobarometro,1200,0.9833333333333333,0.10593220338983045,2017
Brazil,2017,Latinobarometro,1200,0.9975,0.0685045948203844,2017
Chile,2017,Latinobarometro,1200,0.9758333333333333,0.2075478127529069,2017
Colombia,2017,Latinobarometro,1200,0.9683333333333334,0.16255081623016365,2017
Costa Rica,2017,Latinobarometro,1000,0.976,0.10860655737704916,2017
Dominican Republic,2017,Latinobarometro,1000,0.988,0.11437246963562764,2017
Ecuador,2017,Latinobarometro,1200,0.9658333333333333,0.23986194995685928,2017
El Salvador,2017,Latinobarometro,1000,0.977,0.1695690510444725,2017
Guatemala,2017,Latinobarometro,1000,0.976,0.127589085027902,2017
Honduras,2017,Latinobarometro,1000,0.99,0.12313858430695102,2017
Mexico,2017,Latinobarometro,1200,0.9716666666666667,0.14150943396226423,2017
Nicaragua,2017,Latinobarometro,1000,0.97,0.14476892399295527,2017
Panama,2017,Latinobarometro,1000,0.976,0.11577868852459017,2017
Paraguay,2017,Latinobarometro,1200,0.9783333333333334,0.09187387978403638,2017
Peru,2017,Latinobarometro,1200,0.945,0.1384479717813052,2017
Uruguay,2017,Latinobarometro,1200,0.9883333333333333,0.19308600337268134,2017
Venezuela,2017,Latinobarometro,1200,0.985,0.09052453468697119,2017
Argentina,2018,Latinobarometro,1200,0.9833333333333333,0.18618650689665062,2018
Bolivia,2018,Latinobarometro,1200,0.9758333333333333,0.157130657557643,2018
Brazil,2018,Latinobarometro,1204,0.989202657807309,0.04114189756507147,2018
Chile,2018,Latinobarometro,1200,0.9808333333333333,0.13959898705441032,2018
Colombia,2018,Latinobarometro,1200,0.985,0.20768744495047176,2018
Costa Rica,2018,Latinobarometro,1000,0.983,0.09664292980671418,2018
Dominican Republic,2018,Latinobarometro,1000,0.99,0.14141414141414144,2018
Ecuador,2018,Latinobarometro,1200,0.995,0.14154103852596323,2018
El Salvador,2018,Latinobarometro,1000,0.987,0.12664640324214793,2018
Guatemala,2018,Latinobarometro,1000,0.933,0.2192522381033728,2018
Honduras,2018,Latinobarometro,1000,0.976,0.1441777394561765,2018
Mexico,2018,Latinobarometro,1200,0.9425,0.1900972590627763,2018
Nicaragua,2018,Latinobarometro,1000,0.965,0.12412182622536005,2018
Panama,2018,Latinobarometro,1000,0.951,0.13038906414300744,2018
Paraguay,2018,Latinobarometro,1200,0.96,0.17642352195191702,2018
Peru,2018,Latinobarometro,1200,0.9258333333333333,0.1215121512151216,2018
Uruguay,2018,Latinobarometro,1200,0.9741666666666666,0.20872540633019665,2018
Venezuela,2018,Latinobarometro,1200,0.9875,0.07833770265236173,2018
Argentina,2020,Latinobarometro,1200,0.9308333333333333,0.16154660537674315,2020
Bolivia,2020,Latinobarometro,1200,0.97,0.12886597938144329,2020
Brazil,2020,Latinobarometro,1204,0.9908637873754153,0.046940486169321005,2020
Chile,2020,Latinobarometro,1200,0.9683333333333334,0.1707449279851323,2020
Colombia,2020,Latinobarometro,1200,0.9808333333333333,0.13356565113041374,2020
Costa Rica,2020,Latinobarometro,1000,0.982,0.09979633401221988,2020
Dominican Republic,2020,Latinobarometro,1000,0.942,0.15074309978768574,2020
Ecuador,2020,Latinobarometro,1200,0.9741666666666666,0.09666381522668943,2020
El Salvador,2020,Latinobarometro,1000,0.935,0.14010695187165778,2020
Guatemala,2020,Latinobarometro,1000,0.945,0.16296296296296298,2020
Honduras,2020,Latinobarometro,1000,0.944,0.15817069928210592,2020
Mexico,2020,Latinobarometro,1200,0.9783333333333334,0.1836475953847725,2020
Nicaragua,2020,Latinobarometro,1000,0.942,0.09124412250603653,2020
Panama,2020,Latinobarometro,1000,0.968,0.12603305785123964,2020
Paraguay,2020,Latinobarometro,1200,0.9925,0.09151973131821989,2020
Peru,2020,Latinobarometro,1200,0.9491666666666667,0.10798946444249347,2020
Uruguay,2020,Latinobarometro,1200,0.9766666666666667,0.2107508532423208,2020
Venezuela,2020,Latinobarometro,1200,0.9908333333333333,0.052123438276649336,2020
Argentina,1,WVS,1005,0.9074626865671642,0.2700732888620161,1981-1984
Australia,1,WVS,1228,0.9682410423452769,0.47814937069855556,1981-1984
Canada,1,WVS,1254,0.970494417862839,0.4907688008958646,1981-1984
Finland,1,WVS,1003,0.9800598205383848,0.5717192268565616,1981-1984
Hungary,1,WVS,1464,0.962431693989071,0.3314343922320311,1981-1984
Japan,1,WVS,1204,0.9127906976744186,0.40762258719993616,1981-1984
Mexico,1,WVS,1837,0.9646162221012521,0.17653480605155414,1981-1984
South Africa,1,WVS,1596,0.8978696741854637,0.2903000697836706,1981-1984
South Korea,1,WVS,970,0.9463917525773196,0.3801742919389979,1981-1984
Sweden,1,WVS,954,0.9182389937106918,0.5707896277704332,1981-1984
United States,1,WVS,2325,0.9716129032258064,0.453547870081509,1981-1984
Argentina,2,WVS,1002,0.9590818363273453,0.23309053069719043,1990-1994
Belarus,2,WVS,1015,0.9822660098522168,0.254764292878636,1990-1994
Brazil,2,WVS,1782,0.9910213243546577,0.06663893408297716,1990-1994
Canada,2,WVS,1730,0.9670520231213873,0.5242079371135633,1990-1994
Chile,2,WVS,1500,0.972,0.22702331961591216,1990-1994
China,2,WVS,1000,0.985,0.6030456852791879,1990-1994
Czechia,2,WVS,924,0.9989177489177489,0.30227518959913335,1990-1994
India,2,WVS,2500,0.946,0.3543340380549682,1990-1994
Japan,2,WVS,1011,0.9010880316518298,0.4171240395170144,1990-1994
Mexico,2,WVS,1531,0.9039843239712606,0.33453757225433534,1990-1994
Nigeria,2,WVS,1001,0.9340659340659341,0.2320855614973263,1990-1994
Poland,2,WVS,938,0.908315565031983,0.34507042253521125,1990-1994
Russia,2,WVS,1961,0.9270780214176441,0.3745874587458746,1990-1994
Slovakia,2,WVS,466,0.9978540772532188,0.23010752688172054,1990-1994
South Africa,2,WVS,2736,0.9480994152046783,0.28258724784604117,1990-1994
South Korea,2,WVS,1251,0.982414068745004,0.34174125305126113,1990-1994
Spain,2,WVS,1510,0.9350993377483444,0.3130130067883363,1990-1994
Sweden,2,WVS,1047,0.9016236867239733,0.6610169491525424,1990-1994
Switzerland,2,WVS,1400,0.6164285714285714,0.43199395642637595,1990-1994
Turkey,2,WVS,1030,0.9825242718446602,0.09980237154150196,1990-1994
United States,2,WVS,1839,0.9690048939641109,0.5150558138784691,1990-1994
Albania,3,WVS,999,0.9009009009009009,0.27,1995-1998
Argentina,3,WVS,1079,0.9759036144578314,0.17525326227024407,1995-1998
Armenia,3,WVS,2000,0.952,0.24684873949579833,1995-1998
Australia,3,WVS,2048,0.98876953125,0.39894191215459873,1995-1998
Azerbaijan,3,WVS,2002,0.9465534465534465,0.2052770448548813,1995-1998
Bangladesh,3,WVS,1525,0.9783606557377049,0.2091152815013404,1995-1998
Belarus,3,WVS,2092,0.9550669216061185,0.2407407407407407,1995-1998
Bosnia & Herzegovina,3,WVS,1200,0.9508333333333333,0.2830850131463629,1995-1998
Brazil,3,WVS,1143,0.9930008748906387,0.028193832599118895,1995-1998
Bulgaria,3,WVS,1072,0.8283582089552238,0.2860360360360361,1995-1998
Chile,3,WVS,1000,0.977,0.2190638981630073,1995-1998
China,3,WVS,1500,0.9633333333333334,0.5231833910034602,1995-1998
Colombia,3,WVS,6025,0.9926970954356846,0.10800869419829451,1995-1998
Croatia,3,WVS,1196,0.9096989966555183,0.2509191176470589,1995-1998
Czechia,3,WVS,1147,0.953792502179599,0.28519195612431436,1995-1998
Dominican Republic,3,WVS,417,0.9520383693045563,0.2644836272040303,1995-1998
El Salvador,3,WVS,1254,0.9649122807017544,0.1462809917355372,1995-1998
Estonia,3,WVS,1021,0.9784524975514202,0.21521521521521514,1995-1998
Finland,3,WVS,987,0.9817629179331308,0.4881320949432404,1995-1998
Georgia,3,WVS,2008,0.9447211155378487,0.1871375856615709,1995-1998
Germany,3,WVS,2026,0.9654491609081934,0.3328220858895705,1995-1998
Hungary,3,WVS,650,0.9876923076923076,0.22741433021806845,1995-1998
India,3,WVS,2040,0.8671568627450981,0.3787450537026569,1995-1998
Japan,3,WVS,1054,0.9392789373814042,0.4232323232323232,1995-1998
Latvia,3,WVS,1200,0.9666666666666667,0.24741379310344835,1995-1998
Lithuania,3,WVS,1009,0.9722497522299306,0.21916411824668702,1995-1998
Mexico,3,WVS,1510,0.9403973509933775,0.2809859154929577,1995-1998
Moldova,3,WVS,984,0.983739837398374,0.22210743801652888,1995-1998
Montenegro,3,WVS,240,0.9416666666666667,0.32300884955752207,1995-1998
New Zealand,3,WVS,1201,0.9675270607826811,0.4905335628227194,1995-1998
Nigeria,3,WVS,1996,0.9273547094188377,0.17728927231568448,1995-1998
North Macedonia,3,WVS,995,0.9185929648241206,0.08205689277899353,1995-1998
Norway,3,WVS,1127,0.9920141969831411,0.6529516994633273,1995-1998
Pakistan,3,WVS,733,0.9918144611186903,0.20566631689401893,1995-1998
Peru,3,WVS,1211,0.9710982658959537,0.0501700680272108,1995-1998
Philippines,3,WVS,1200,0.9925,0.055415617128463435,1995-1998
Poland,3,WVS,1153,0.9444926279271466,0.17906336088154262,1995-1998
Puerto Rico,3,WVS,1164,0.9836769759450171,0.06026200873362453,1995-1998
Romania,3,WVS,1239,0.9580306698950767,0.18702611625947774,1995-1998
Russia,3,WVS,2040,0.9705882352941176,0.2393939393939395,1995-1998
Serbia,3,WVS,1280,0.9546875,0.2978723404255319,1995-1998
Slovakia,3,WVS,1095,0.9525114155251142,0.2703739213806329,1995-1998
Slovenia,3,WVS,1007,0.9841112214498511,0.1553985872855701,1995-1998
South Africa,3,WVS,2935,0.969335604770017,0.18222728156946588,1995-1998
South Korea,3,WVS,1249,0.9983987189751802,0.3031275060144347,1995-1998
Spain,3,WVS,1211,0.9636663914120561,0.29750117627695594,1995-1998
Sweden,3,WVS,1009,0.9484638255698712,0.5966562173458725,1995-1998
Switzerland,3,WVS,1212,0.9331683168316832,0.4097126591372131,1995-1998
Taiwan,3,WVS,780,0.9666666666666667,0.38196286472148544,1995-1998
Turkey,3,WVS,1907,0.9921342422653382,0.0650375423171552,1995-1998
Ukraine,3,WVS,2811,0.9292066880113838,0.3097243491577335,1995-1998
United Kingdom,3,WVS,1093,0.9817017383348582,0.310436648113956,1995-1998
United States,3,WVS,1542,0.9798962386511024,0.3563116414433689,1995-1998
Uruguay,3,WVS,1000,0.975,0.22125211967467462,1995-1998
Venezuela,3,WVS,1200,0.97,0.13745704467353947,1995-1998
Albania,4,WVS,1000,0.952,0.24369747899159666,1999-2004
Algeria,4,WVS,1282,0.9594383775351014,0.11219512195121961,1999-2004
Argentina,4,WVS,1280,0.975,0.15387942925961973,1999-2004
Bangladesh,4,WVS,1500,0.9886666666666667,0.23533378287255569,1999-2004
Bosnia & Herzegovina,4,WVS,1200,0.9875,0.1578059071729958,1999-2004
Canada,4,WVS,1931,0.9891248058001035,0.38848785288405674,1999-2004
Chile,4,WVS,1200,0.9741666666666666,0.2277514617843206,1999-2004
China,4,WVS,1000,0.963,0.5451713395638629,1999-2004
Egypt,4,WVS,3000,0.9883333333333333,0.37908937605396287,1999-2004
India,4,WVS,2002,0.948051948051948,0.40990516332982097,1999-2004
Indonesia,4,WVS,1000,0.885,0.5163841807909604,1999-2004
Iran,4,WVS,2532,0.759083728278041,0.6534859521331946,1999-2004
Iraq,4,WVS,2325,0.967741935483871,0.476,1999-2004
Israel,4,WVS,1199,0.9741451209341118,0.2345890410958904,1999-2004
Japan,4,WVS,1362,0.920704845814978,0.430622009569378,1999-2004
Jordan,4,WVS,1223,0.9787408013082584,0.276696648057114,1999-2004
Kyrgyzstan,4,WVS,1043,0.9952061361457335,0.16666666666666674,1999-2004
Mexico,4,WVS,1535,0.9752442996742671,0.2134997692935403,1999-2004
Moldova,4,WVS,1008,0.9623015873015873,0.1468942814443559,1999-2004
Montenegro,4,WVS,1060,0.9764150943396226,0.3371980676328501,1999-2004
Morocco,4,WVS,1251,0.9640287769784173,0.23870271859783876,1999-2004
Nigeria,4,WVS,2022,0.9896142433234422,0.2558720639680161,1999-2004
North Macedonia,4,WVS,1055,0.9677725118483412,0.1352070936285219,1999-2004
Pakistan,4,WVS,2000,0.913,0.30832420591456744,1999-2004
Peru,4,WVS,1501,0.9926715522984677,0.10671140939597312,1999-2004
Philippines,4,WVS,1200,0.9875,0.08378698766447545,1999-2004
Puerto Rico,4,WVS,720,0.9888888888888889,0.226123595505618,1999-2004
Saudi Arabia,4,WVS,1502,0.9527296937416777,0.5303983228511531,1999-2004
Serbia,4,WVS,1200,0.9733333333333334,0.18835616438356162,1999-2004
Singapore,4,WVS,1512,0.9894179894179894,0.16901467935297432,1999-2004
South Africa,4,WVS,3000,0.9853333333333333,0.11753534319813874,1999-2004
South Korea,4,WVS,1200,1,0.27333333333333343,1999-2004
Spain,4,WVS,1209,0.9627791563275434,0.33975352555032634,1999-2004
Sweden,4,WVS,1015,0.9596059113300492,0.6630620995999335,1999-2004
Tanzania,4,WVS,1171,0.9496157130657558,0.08093525179856109,1999-2004
Turkey,4,WVS,3401,0.9844163481329021,0.18931527825846128,1999-2004
Uganda,4,WVS,1002,0.9960079840319361,0.07629609097146539,1999-2004
United States,4,WVS,1200,0.99,0.3584140344457327,1999-2004
Venezuela,4,WVS,1200,0.9941666666666666,0.1592623637887678,1999-2004
Vietnam,4,WVS,1000,0.941,0.4112646121147716,1999-2004
Zimbabwe,4,WVS,1002,0.9820359281437125,0.11854965230159165,1999-2004
Andorra,5,WVS,1003,0.9910269192422732,0.20139052626165754,2005-2009
Argentina,5,WVS,1002,0.9810379241516967,0.17599495233646678,2005-2009
Australia,5,WVS,1421,0.9873328641801549,0.4613790115922185,2005-2009
Brazil,5,WVS,1500,0.9853333333333333,0.09381109661243414,2005-2009
Bulgaria,5,WVS,1001,0.8821178821178821,0.22199667043291504,2005-2009
Burkina Faso,5,WVS,1534,0.940677966101695,0.14691614691614685,2005-2009
Canada,5,WVS,2164,0.9736598890942699,0.42798962787301864,2005-2009
Chile,5,WVS,1000,0.984,0.12558466278160862,2005-2009
China,5,WVS,1991,0.928679055750879,0.5261843635168404,2005-2009
Colombia,5,WVS,3025,0.9894214876033058,0.14467089876378214,2005-2009
Cyprus,5,WVS,1050,0.9876190476190476,0.09887507724798339,2005-2009
Egypt,5,WVS,3051,0.9980334316617503,0.18527632367618851,2005-2009
Ethiopia,5,WVS,1500,0.876,0.2442922374429224,2005-2009
Finland,5,WVS,1014,0.9861932938856016,0.5889695558765422,2005-2009
France,5,WVS,1001,0.995004995004995,0.18789740544088462,2005-2009
Georgia,5,WVS,1500,0.97,0.1814432989690722,2005-2009
Germany,5,WVS,2064,0.9195736434108527,0.36834617473140896,2005-2009
Ghana,5,WVS,1534,0.9954367666232073,0.08513425016371978,2005-2009
Guatemala,5,WVS,1000,0.995,0.15000902030477703,2005-2009
Hong Kong SAR China,5,WVS,1252,0.9824281150159745,0.410569105691057,2005-2009
Hungary,5,WVS,1007,0.9811320754716981,0.29196742951624977,2005-2009
India,5,WVS,2001,0.8885557221389305,0.232845894263217,2005-2009
Indonesia,5,WVS,2015,0.8808933002481389,0.42535211267605644,2005-2009
Iran,5,WVS,2667,0.9925009373828272,0.10615791462032487,2005-2009
Iraq,5,WVS,2701,0.9459459459459459,0.40821917808219177,2005-2009
Italy,5,WVS,1012,0.941699604743083,0.29171038824763906,2005-2009
Japan,5,WVS,1096,0.9361313868613139,0.3908382066276803,2005-2009
Jordan,5,WVS,1200,0.9925,0.3087309187084015,2005-2009
Malaysia,5,WVS,1201,1,0.08825978351373864,2005-2009
Mali,5,WVS,1534,0.8494132985658409,0.17498081350729078,2005-2009
Mexico,5,WVS,1560,0.9923076923076923,0.15568475452196373,2005-2009
Moldova,5,WVS,1046,0.9847036328871893,0.17864077669902922,2005-2009
Morocco,5,WVS,1200,0.9808333333333333,0.1299915038232795,2005-2009
Netherlands,5,WVS,1050,0.9485714285714286,0.4502157464904213,2005-2009
New Zealand,5,WVS,954,0.9486373165618449,0.5116022099447515,2005-2009
Norway,5,WVS,1025,0.9931707317073171,0.7416502946954813,2005-2009
Peru,5,WVS,1500,0.9866666666666667,0.06289092192500823,2005-2009
Poland,5,WVS,1000,0.955,0.19010871589939038,2005-2009
Romania,5,WVS,1776,0.9487612612612613,0.20296735905044505,2005-2009
Russia,5,WVS,2033,0.9365469749139204,0.2622484149358568,2005-2009
Rwanda,5,WVS,1507,0.9946914399469144,0.048699132755170016,2005-2009
Serbia,5,WVS,1220,0.8901639344262295,0.152854511970534,2005-2009
Slovenia,5,WVS,1037,0.9633558341369335,0.1811811811811812,2005-2009
South Korea,5,WVS,1200,0.9866666666666667,0.28249745378981483,2005-2009
Spain,5,WVS,1200,0.9866666666666667,0.20041337084736432,2005-2009
Sweden,5,WVS,1003,0.9601196410767697,0.6797278701501506,2005-2009
Switzerland,5,WVS,1241,0.9564867042707494,0.5390707243317829,2005-2009
Taiwan,5,WVS,1227,0.9983700081499592,0.2421745094315313,2005-2009
Thailand,5,WVS,1534,0.9941329856584094,0.41508196721311474,2005-2009
Trinidad & Tobago,5,WVS,1002,0.998003992015968,0.038286183321377676,2005-2009
Turkey,5,WVS,1346,0.9947994056463596,0.04868915976207,2005-2009
Ukraine,5,WVS,1000,0.891,0.2752979037728447,2005-2009
United Kingdom,5,WVS,1041,0.9817483189241114,0.3050980469455895,2005-2009
United States,5,WVS,1249,0.9935948759007206,0.3934514611162143,2005-2009
Uruguay,5,WVS,1000,0.865,0.284393063583815,2005-2009
Vietnam,5,WVS,1495,0.9765886287625418,0.5212328767123289,2005-2009
Zambia,5,WVS,1500,0.93533333333333335,0.11546685673556656,2005-2009
Algeria,6,WVS,1200,0.9575,0.17928633594429932,2010-2014
Argentina,6,WVS,1030,0.9669902912621359,0.19854752176573776,2010-2014
Armenia,6,WVS,1100,0.9863636363636363,0.11022962588059104,2010-2014
Australia,6,WVS,1477,0.992552471225457,0.5181400551872581,2010-2014
Azerbaijan,6,WVS,1002,0.9710578842315369,0.15280271993876027,2010-2014
Belarus,6,WVS,1535,0.9244299674267101,0.35224297236216406,2010-2014
Brazil,6,WVS,1486,0.9925975773889637,0.07116176668572938,2010-2014
Chile,6,WVS,1000,0.971,0.12770339855818746,2010-2014
China,6,WVS,2300,0.9547826086956521,0.631314548648515,2010-2014
Colombia,6,WVS,1512,0.9927248677248677,0.041305796135909345,2010-2014
Cyprus,6,WVS,1000,0.989,0.07605543546789262,2010-2014
Ecuador,6,WVS,1202,0.9983361064891847,0.07166666666666677,2010-2014
Egypt,6,WVS,1523,1,0.21500890691282404,2010-2014
Estonia,6,WVS,1533,0.9726027397260274,0.4007474222404308,2010-2014
Georgia,6,WVS,1202,0.9925124792013311,0.08885163453478628,2010-2014
Germany,6,WVS,2046,0.9858260019550342,0.4534633540783626,2010-2014
Ghana,6,WVS,1552,1,0.0503094419220349,2010-2014
Haiti,6,WVS,1996,0.9854709418837675,0.21657346212506345,2010-2014
Hong Kong SAR China,6,WVS,1000,0.993,0.4833836858006042,2010-2014
India,6,WVS,4078,0.9455615497793036,0.17634854771784236,2010-2014
Iraq,6,WVS,1200,0.9383333333333334,0.31971580817051515,2010-2014
Japan,6,WVS,2443,0.9271387638149816,0.38763796909492276,2010-2014
Jordan,6,WVS,1200,1,0.13250000000000006,2010-2014
Kazakhstan,6,WVS,1500,1,0.38332745250216993,2010-2014
Kuwait,6,WVS,1303,0.9516500383729855,0.30000000000000004,2010-2014
Kyrgyzstan,6,WVS,1500,0.9533333333333334,0.38041958041958046,2010-2014
Lebanon,6,WVS,1200,0.9016666666666666,0.10905730129390023,2010-2014
Libya,6,WVS,2131,0.9422806194274989,0.10643163645561948,2010-2014
Malaysia,6,WVS,1300,1,0.08538461538461539,2010-2014
Mexico,6,WVS,2000,0.998,0.12424849699398788,2010-2014
Morocco,6,WVS,1200,0.9841666666666666,0.12531752751905167,2010-2014
Netherlands,6,WVS,1902,0.9810725552050473,0.6741693461950697,2010-2014
New Zealand,6,WVS,841,0.9738406658739596,0.5677655677655677,2010-2014
Nigeria,6,WVS,1759,1,0.15012436614539326,2010-2014
Pakistan,6,WVS,1200,0.9616666666666667,0.23090559627798846,2010-2014
Palestinian Territories,6,WVS,1000,0.892,0.17713004484304928,2010-2014
Peru,6,WVS,1210,0.9884297520661157,0.08466440083292537,2010-2014
Philippines,6,WVS,1200,0.9966666666666667,0.03167078202781104,2010-2014
Poland,6,WVS,966,0.9782608695652174,0.22705125427524186,2010-2014
Qatar,6,WVS,1060,0.9990566037735849,0.21447057371686018,2010-2014
Romania,6,WVS,1503,0.9900199600798403,0.07747334929317518,2010-2014
Russia,6,WVS,2500,0.94,0.2961543980878709,2010-2014
Rwanda,6,WVS,1527,1,0.16633922724296002,2010-2014
Singapore,6,WVS,1972,0.9979716024340771,0.37390603246740484,2010-2014
Slovenia,6,WVS,1069,0.990645463049579,0.2011331444759208,2010-2014
South Africa,6,WVS,3531,0.9949022939677146,0.23412248752621312,2010-2014
South Korea,6,WVS,1200,0.9941666666666666,0.2659232685598574,2010-2014
Spain,6,WVS,1189,0.9697224558452481,0.1956572942101058,2010-2014
Sweden,6,WVS,1206,0.9718076285240465,0.6176923433033465,2010-2014
Taiwan,6,WVS,1238,0.9781906300484653,0.3088795142331753,2010-2014
Thailand,6,WVS,1200,0.9875,0.3249125139662239,2010-2014
Trinidad & Tobago,6,WVS,999,0.994994994994995,0.03219315895372232,2010-2014
Tunisia,6,WVS,1205,0.9701244813278008,0.15996578272027384,2010-2014
Turkey,6,WVS,1605,0.9476635514018692,0.12295500154654793,2010-2014
Ukraine,6,WVS,1500,0.93533333333333335,0.24750616350701216,2010-2014
United States,6,WVS,2232,0.9905913978494624,0.3513944979852477,2010-2014
Uruguay,6,WVS,1000,0.905,0.15248618784530388,2010-2014
Uzbekistan,6,WVS,1500,0.984,0.14092140921409224,2010-2014
Yemen,6,WVS,1000,0.953,0.40398740818467993,2010-2014
Zimbabwe,6,WVS,1500,1,0.08294226656402492,2010-2014
Andorra,7,WVS,1004,0.9970119521912351,0.25574425574425574,2017-2021
Argentina,7,WVS,1003,0.9491525423728814,0.2010431065205074,2017-2021
Armenia,7,WVS,1223,0.9983646770237122,0.08512585529461725,2017-2021
Australia,7,WVS,1813,0.9884169884169884,0.4893654332939552,2017-2021
Bangladesh,7,WVS,1200,0.9991666666666666,0.1292743953294413,2017-2021
Bolivia,7,WVS,2067,0.9903241412675375,0.08597948216902784,2017-2021
Brazil,7,WVS,1762,0.981838819523269,0.06647943578295368,2017-2021
Canada,7,WVS,4018,1,0.466930140583272,2017-2021
Chile,7,WVS,1000,0.974,0.1318578895943694,2017-2021
China,7,WVS,3036,0.991106719367589,0.639795470964724,2017-2021
Colombia,7,WVS,1520,1,0.045394736842105265,2017-2021
Cyprus,7,WVS,1000,0.96,0.0675651741040102,2017-2021
Ecuador,7,WVS,1200,0.9808333333333333,0.05862361937128302,2017-2021
Egypt,7,WVS,1200,0.9975,0.07351712614870509,2017-2021
Ethiopia,7,WVS,1230,0.9967479674796748,0.11908646003262646,2017-2021
Germany,7,WVS,1528,0.9698952879581152,0.4595141700404859,2017-2021
Greece,7,WVS,1200,0.99,0.08526826328159398,2017-2021
Guatemala,7,WVS,1229,1,0.17982099267697316,2017-2021
Hong Kong SAR China,7,WVS,2075,0.9956626506024097,0.3656484871653174,2017-2021
Indonesia,7,WVS,3200,0.9996875,0.046380562454838126,2017-2021
Iran,7,WVS,1499,0.9979986657771848,0.14839572192513373,2017-2021
Iraq,7,WVS,1200,0.9783333333333334,0.11243611584327096,2017-2021
Japan,7,WVS,1353,0.9467849223946785,0.35597189695550346,2017-2021
Jordan,7,WVS,1203,0.9941812136325852,0.15969899665551845,2017-2021
Kazakhstan,7,WVS,1276,0.9545454545454546,0.23891625615763545,2017-2021
Kenya,7,WVS,1266,0.9889415481832543,0.09584664536741205,2017-2021
Kyrgyzstan,7,WVS,1200,0.9916666666666667,0.12905831292359937,2017-2021
Lebanon,7,WVS,1200,1,0.09916666666666663,2017-2021
Libya,7,WVS,1196,0.9832775919732442,0.09268707482993199,2017-2021
Macao SAR China,7,WVS,1023,0.946236559139785,0.43801652892561993,2017-2021
Malaysia,7,WVS,1313,1,0.1957349581111958,2017-2021
Mexico,7,WVS,1741,0.9982768523836876,0.10505278077557811,2017-2021
Mongolia,7,WVS,1638,0.996947496947497,0.26051422761173293,2017-2021
Morocco,7,WVS,1200,1,0.16500000000000004,2017-2021
Myanmar (Burma),7,WVS,1200,1,0.15083333333333337,2017-2021
New Zealand,7,WVS,1057,0.9508041627246925,0.5950248756218905,2017-2021
Nicaragua,7,WVS,1200,1,0.04249999999999998,2017-2021
Nigeria,7,WVS,1237,0.994341147938561,0.13082932275485226,2017-2021
Pakistan,7,WVS,1995,0.9919799498746867,0.23496715512885302,2017-2021
Peru,7,WVS,1400,0.9964285714285714,0.04173222321651959,2017-2021
Philippines,7,WVS,1200,0.9975,0.053398863653818296,2017-2021
Puerto Rico,7,WVS,1127,0.9902395740905058,0.17831541218637992,2017-2021
Romania,7,WVS,1257,0.984884645982498,0.11551760427434421,2017-2021
Russia,7,WVS,1810,0.9751381215469613,0.23557122211432957,2017-2021
Serbia,7,WVS,1046,0.9837476099426387,0.16618075801749277,2017-2021
Singapore,7,WVS,2012,0.9930417495029821,0.34621870644807884,2017-2021
South Korea,7,WVS,1245,1,0.3293172690763053,2017-2021
Taiwan,7,WVS,1223,1,0.307917883398074,2017-2021
Tajikistan,7,WVS,1200,1,0.2058333333333333,2017-2021
Thailand,7,WVS,1500,0.95,0.3057333369684996,2017-2021
Tunisia,7,WVS,1208,0.9701986754966887,0.14249146757679187,2017-2021
Turkey,7,WVS,2415,0.9813664596273292,0.1426160337552742,2017-2021
Ukraine,7,WVS,1289,0.9743987587276959,0.3089173160834835,2017-2021
United States,7,WVS,2596,0.9965331278890601,0.37182090321117345,2017-2021
Venezuela,7,WVS,1190,1,0.14201680672268902,2017-2021
Vietnam,7,WVS,1200,1,0.2766666666666666,2017-2021
Zimbabwe,7,WVS,1215,0.9991769547325103,0.021416803953871577,2017-2021
Afghanistan,1,GPS,NA,NA,0.31596440076828003,2012
Algeria,1,GPS,NA,NA,-0.17737062275409698,2012
Argentina,1,GPS,NA,NA,-0.2067333310842514,2012
Australia,1,GPS,NA,NA,0.29897257685661316,2012
Austria,1,GPS,NA,NA,0.15462811291217804,2012
Bangladesh,1,GPS,NA,NA,-0.17336532473564148,2012
Bolivia,1,GPS,NA,NA,-0.16032962501049042,2012
Bosnia & Herzegovina,1,GPS,NA,NA,-0.1931062638759613,2012
Botswana,1,GPS,NA,NA,-0.33846157789230347,2012
Brazil,1,GPS,NA,NA,-0.0026891387533396482,2012
Cambodia,1,GPS,NA,NA,-0.07913503795862198,2012
Cameroon,1,GPS,NA,NA,-0.530916154384613,2012
Canada,1,GPS,NA,NA,0.24527503550052643,2012
Chile,1,GPS,NA,NA,-0.08321409672498703,2012
China,1,GPS,NA,NA,0.5528057813644409,2012
Colombia,1,GPS,NA,NA,0.00554653350263834,2012
Costa Rica,1,GPS,NA,NA,-0.14910292625427246,2012
Croatia,1,GPS,NA,NA,0.10511626303195953,2012
Czechia,1,GPS,NA,NA,-0.450684130191803,2012
Egypt,1,GPS,NA,NA,0.6090208888053894,2012
Estonia,1,GPS,NA,NA,0.08612611889839172,2012
Finland,1,GPS,NA,NA,0.09990701079368591,2012
France,1,GPS,NA,NA,-0.16548220813274384,2012
Georgia,1,GPS,NA,NA,-0.20484574139118195,2012
Germany,1,GPS,NA,NA,-0.11882252991199493,2012
Ghana,1,GPS,NA,NA,-0.19801777601242065,2012
Greece,1,GPS,NA,NA,-0.35150548815727234,2012
Guatemala,1,GPS,NA,NA,-0.362962931394577,2012
Haiti,1,GPS,NA,NA,-0.1575143188238144,2012
Hungary,1,GPS,NA,NA,0.53216552734375,2012
India,1,GPS,NA,NA,-0.20398138463497162,2012
Indonesia,1,GPS,NA,NA,0.2635972201824188,2012
Iran,1,GPS,NA,NA,0.3004699945449829,2012
Iraq,1,GPS,NA,NA,0.2896195352077484,2012
Israel,1,GPS,NA,NA,-0.053660519421100616,2012
Italy,1,GPS,NA,NA,-0.07473386079072952,2012
Japan,1,GPS,NA,NA,-0.5187299251556396,2012
Jordan,1,GPS,NA,NA,0.3898036479949951,2012
Kazakhstan,1,GPS,NA,NA,0.15293806791305542,2012
Kenya,1,GPS,NA,NA,-0.4223032295703888,2012
Lithuania,1,GPS,NA,NA,-0.17750166356563568,2012
Malawi,1,GPS,NA,NA,-0.4734359085559845,2012
Mexico,1,GPS,NA,NA,-0.3570720851421356,2012
Moldova,1,GPS,NA,NA,0.0011756669264286757,2012
Morocco,1,GPS,NA,NA,-0.09031475335359573,2012
Netherlands,1,GPS,NA,NA,0.2980569303035736,2012
Nicaragua,1,GPS,NA,NA,0.022988805547356606,2012
Nigeria,1,GPS,NA,NA,-0.057804401963949203,2012
Pakistan,1,GPS,NA,NA,-0.10337088257074356,2012
Peru,1,GPS,NA,NA,-0.0969185009598732,2012
Philippines,1,GPS,NA,NA,0.35706308484077454,2012
Poland,1,GPS,NA,NA,-0.14705054461956024,2012
Portugal,1,GPS,NA,NA,0.08258696645498276,2012
Romania,1,GPS,NA,NA,-0.21704743802547455,2012
Russia,1,GPS,NA,NA,-0.15077486634254456,2012
Rwanda,1,GPS,NA,NA,-0.12548469007015228,2012
Saudi Arabia,1,GPS,NA,NA,0.30015313625335693,2012
Serbia,1,GPS,NA,NA,-0.16020424664020538,2012
South Africa,1,GPS,NA,NA,-0.1669178158044815,2012
South Korea,1,GPS,NA,NA,-0.09921464323997498,2012
Spain,1,GPS,NA,NA,0.24104329943656921,2012
Sri Lanka,1,GPS,NA,NA,-0.27219584584236145,2012
Suriname,1,GPS,NA,NA,0.11636457592248917,2012
Sweden,1,GPS,NA,NA,0.30693086981773376,2012
Switzerland,1,GPS,NA,NA,0.08828393369913101,2012
Tanzania,1,GPS,NA,NA,-0.14714427292346954,2012
Thailand,1,GPS,NA,NA,0.3484398126602173,2012
Turkey,1,GPS,NA,NA,0.12911024689674377,2012
Uganda,1,GPS,NA,NA,-0.7064389586448669,2012
Ukraine,1,GPS,NA,NA,-0.09238698333501816,2012
United Arab Emirates,1,GPS,NA,NA,0.5071082711219788,2012
United Kingdom,1,GPS,NA,NA,0.23470205068588257,2012
United States,1,GPS,NA,NA,0.15036696195602417,2012
Venezuela,1,GPS,NA,NA,0.11499140411615372,2012
Vietnam,1,GPS,NA,NA,0.14363136887550354,2012
Zimbabwe,1,GPS,NA,NA,-0.5091331005096436,2012
